Fecha;Unidades;TRM
01/01/2012;0;$ 1.942,70
02/01/2012;188;$ 1.942,70
03/01/2012;482;$ 1.942,70
04/01/2012;927;$ 1.915,02
05/01/2012;1159;$ 1.898,24
06/01/2012;996;$ 1.884,44
07/01/2012;243;$ 1.884,47
08/01/2012;0;$ 1.884,47
09/01/2012;0;$ 1.884,47
10/01/2012;697;$ 1.884,47
11/01/2012;956;$ 1.865,07
12/01/2012;1001;$ 1.854,17
13/01/2012;1170;$ 1.842,47
14/01/2012;372;$ 1.841,31
15/01/2012;1;$ 1.841,31
16/01/2012;805;$ 1.841,31
17/01/2012;913;$ 1.841,31
18/01/2012;1049;$ 1.836,34
19/01/2012;979;$ 1.827,24
20/01/2012;1018;$ 1.821,86
21/01/2012;312;$ 1.828,75
22/01/2012;0;$ 1.828,75
23/01/2012;802;$ 1.828,75
24/01/2012;893;$ 1.811,55
25/01/2012;1030;$ 1.814,58
26/01/2012;1108;$ 1.814,69
27/01/2012;1049;$ 1.801,88
28/01/2012;369;$ 1.810,55
29/01/2012;2;$ 1.810,55
30/01/2012;823;$ 1.810,55
31/01/2012;1046;$ 1.815,08
01/02/2012;1142;$ 1.805,98
02/02/2012;1185;$ 1.797,68
03/02/2012;1295;$ 1.795,55
04/02/2012;344;$ 1.784,77
05/02/2012;0;$ 1.784,77
06/02/2012;853;$ 1.784,77
07/02/2012;1170;$ 1.787,96
08/02/2012;1177;$ 1.783,34
09/02/2012;1182;$ 1.778,90
10/02/2012;1191;$ 1.774,96
11/02/2012;411;$ 1.785,59
12/02/2012;1;$ 1.785,59
13/02/2012;881;$ 1.785,59
14/02/2012;1120;$ 1.778,12
15/02/2012;1126;$ 1.785,24
16/02/2012;1098;$ 1.791,29
17/02/2012;1243;$ 1.792,92
18/02/2012;309;$ 1.779,81
19/02/2012;0;$ 1.779,81
20/02/2012;733;$ 1.779,81
21/02/2012;994;$ 1.779,81
22/02/2012;1186;$ 1.777,59
23/02/2012;1247;$ 1.781,57
24/02/2012;1315;$ 1.776,11
25/02/2012;386;$ 1.772,42
26/02/2012;0;$ 1.772,42
27/02/2012;855;$ 1.772,42
28/02/2012;1239;$ 1.777,27
29/02/2012;1157;$ 1.767,83
01/03/2012;1201;$ 1.766,85
02/03/2012;1342;$ 1.770,70
03/03/2012;358;$ 1.775,69
04/03/2012;0;$ 1.775,69
05/03/2012;886;$ 1.775,69
06/03/2012;1209;$ 1.774,03
07/03/2012;1553;$ 1.779,32
08/03/2012;1340;$ 1.773,88
09/03/2012;1279;$ 1.765,06
10/03/2012;489;$ 1.762,08
11/03/2012;1;$ 1.762,08
12/03/2012;971;$ 1.762,08
13/03/2012;1305;$ 1.766,10
14/03/2012;1366;$ 1.760,77
15/03/2012;1357;$ 1.761,04
16/03/2012;1461;$ 1.761,02
17/03/2012;339;$ 1.758,38
18/03/2012;0;$ 1.758,38
19/03/2012;0;$ 1.758,38
20/03/2012;937;$ 1.758,38
21/03/2012;1247;$ 1.759,78
22/03/2012;1332;$ 1.758,03
23/03/2012;1479;$ 1.761,87
24/03/2012;139;$ 1.760,17
25/03/2012;32;$ 1.760,17
26/03/2012;1113;$ 1.760,17
27/03/2012;1163;$ 1.759,58
28/03/2012;1469;$ 1.762,93
29/03/2012;1559;$ 1.771,25
30/03/2012;1805;$ 1.784,66
31/03/2012;485;$ 1.792,07
01/04/2012;1;$ 1.792,07
02/04/2012;1128;$ 1.792,07
03/04/2012;1589;$ 1.779,13
04/04/2012;1182;$ 1.767,84
05/04/2012;1;$ 1.772,58
06/04/2012;0;$ 1.772,58
07/04/2012;1;$ 1.772,58
08/04/2012;0;$ 1.772,58
09/04/2012;770;$ 1.772,58
10/04/2012;1196;$ 1.779,53
11/04/2012;1467;$ 1.793,30
12/04/2012;1456;$ 1.787,66
13/04/2012;1369;$ 1.778,78
14/04/2012;422;$ 1.777,12
15/04/2012;0;$ 1.777,12
16/04/2012;795;$ 1.777,12
17/04/2012;1067;$ 1.775,67
18/04/2012;1360;$ 1.769,07
19/04/2012;1083;$ 1.774,21
20/04/2012;1443;$ 1.776,06
21/04/2012;310;$ 1.771,13
22/04/2012;0;$ 1.771,13
23/04/2012;965;$ 1.771,13
24/04/2012;1143;$ 1.774,44
25/04/2012;1361;$ 1.767,91
26/04/2012;1264;$ 1.763,85
27/04/2012;737;$ 1.764,63
28/04/2012;515;$ 1.761,20
29/04/2012;34;$ 1.761,20
30/04/2012;1286;$ 1.761,20
01/05/2012;3;$ 1.764,00
02/05/2012;965;$ 1.764,00
03/05/2012;1228;$ 1.760,12
04/05/2012;1349;$ 1.754,89
05/05/2012;375;$ 1.757,24
06/05/2012;0;$ 1.757,24
07/05/2012;985;$ 1.757,24
08/05/2012;1353;$ 1.759,12
09/05/2012;1426;$ 1.760,60
10/05/2012;1393;$ 1.775,96
11/05/2012;1455;$ 1.765,00
12/05/2012;230;$ 1.764,69
13/05/2012;1;$ 1.764,69
14/05/2012;1055;$ 1.764,69
15/05/2012;1276;$ 1.771,60
16/05/2012;1314;$ 1.778,37
17/05/2012;1388;$ 1.793,61
18/05/2012;1282;$ 1.804,92
19/05/2012;437;$ 1.814,46
20/05/2012;15;$ 1.814,46
21/05/2012;0;$ 1.814,46
22/05/2012;940;$ 1.814,46
23/05/2012;1045;$ 1.824,73
24/05/2012;1198;$ 1.845,17
25/05/2012;1338;$ 1.836,45
26/05/2012;436;$ 1.840,69
27/05/2012;0;$ 1.840,69
28/05/2012;894;$ 1.840,69
29/05/2012;1146;$ 1.840,69
30/05/2012;1283;$ 1.818,82
31/05/2012;1256;$ 1.827,83
01/06/2012;1222;$ 1.833,80
02/06/2012;323;$ 1.834,71
03/06/2012;1;$ 1.834,71
04/06/2012;953;$ 1.834,71
05/06/2012;1156;$ 1.815,54
06/06/2012;1404;$ 1.798,85
07/06/2012;1453;$ 1.782,89
08/06/2012;1460;$ 1.766,91
09/06/2012;471;$ 1.776,26
10/06/2012;0;$ 1.776,26
11/06/2012;0;$ 1.776,26
12/06/2012;919;$ 1.776,26
13/06/2012;1206;$ 1.776,47
14/06/2012;1390;$ 1.783,45
15/06/2012;1337;$ 1.787,63
16/06/2012;348;$ 1.786,21
17/06/2012;30;$ 1.786,21
18/06/2012;0;$ 1.786,21
19/06/2012;987;$ 1.786,21
20/06/2012;1116;$ 1.773,18
21/06/2012;1300;$ 1.770,38
22/06/2012;1330;$ 1.775,99
23/06/2012;352;$ 1.787,47
24/06/2012;7;$ 1.787,47
25/06/2012;541;$ 1.787,47
26/06/2012;625;$ 1.803,37
27/06/2012;1493;$ 1.805,14
28/06/2012;1510;$ 1.796,18
29/06/2012;1396;$ 1.805,60
30/06/2012;361;$ 1.784,60
01/07/2012;1;$ 1.784,60
02/07/2012;2;$ 1.784,60
03/07/2012;853;$ 1.784,60
04/07/2012;1267;$ 1.771,53
05/07/2012;1250;$ 1.771,53
06/07/2012;1416;$ 1.774,37
07/07/2012;619;$ 1.785,25
08/07/2012;1;$ 1.785,25
09/07/2012;978;$ 1.785,25
10/07/2012;1246;$ 1.790,25
11/07/2012;1271;$ 1.785,06
12/07/2012;1242;$ 1.787,72
13/07/2012;1510;$ 1.790,12
14/07/2012;390;$ 1.780,21
15/07/2012;0;$ 1.780,21
16/07/2012;831;$ 1.780,21
17/07/2012;1105;$ 1.778,42
18/07/2012;1181;$ 1.778,97
19/07/2012;1515;$ 1.778,28
20/07/2012;23;$ 1.775,80
21/07/2012;325;$ 1.775,80
22/07/2012;0;$ 1.775,80
23/07/2012;875;$ 1.775,80
24/07/2012;1094;$ 1.790,39
25/07/2012;1386;$ 1.797,33
26/07/2012;1298;$ 1.799,48
27/07/2012;1400;$ 1.789,22
28/07/2012;389;$ 1.791,12
29/07/2012;1;$ 1.791,12
30/07/2012;1030;$ 1.791,12
31/07/2012;1139;$ 1.789,02
01/08/2012;1157;$ 1.790,74
02/08/2012;1242;$ 1.787,51
03/08/2012;1315;$ 1.790,97
04/08/2012;439;$ 1.786,06
05/08/2012;0;$ 1.786,06
06/08/2012;959;$ 1.786,06
07/08/2012;1;$ 1.785,29
08/08/2012;1116;$ 1.785,29
09/08/2012;1359;$ 1.788,03
10/08/2012;1369;$ 1.788,08
11/08/2012;370;$ 1.791,61
12/08/2012;21;$ 1.791,61
13/08/2012;980;$ 1.791,61
14/08/2012;1141;$ 1.792,86
15/08/2012;1195;$ 1.800,81
16/08/2012;1320;$ 1.817,18
17/08/2012;1235;$ 1.825,52
18/08/2012;365;$ 1.822,59
19/08/2012;0;$ 1.822,59
20/08/2012;0;$ 1.822,59
21/08/2012;809;$ 1.822,59
22/08/2012;1036;$ 1.815,80
23/08/2012;1223;$ 1.812,88
24/08/2012;1113;$ 1.808,33
25/08/2012;490;$ 1.814,83
26/08/2012;62;$ 1.814,83
27/08/2012;792;$ 1.814,83
28/08/2012;1131;$ 1.821,44
29/08/2012;1157;$ 1.828,99
30/08/2012;1296;$ 1.833,14
31/08/2012;1295;$ 1.830,50
01/09/2012;280;$ 1.825,21
02/09/2012;1;$ 1.825,21
03/09/2012;829;$ 1.825,21
04/09/2012;1008;$ 1.825,21
05/09/2012;1035;$ 1.824,81
06/09/2012;1368;$ 1.814,06
07/09/2012;1281;$ 1.804,09
08/09/2012;489;$ 1.797,35
09/09/2012;30;$ 1.797,35
10/09/2012;1095;$ 1.797,35
11/09/2012;1204;$ 1.802,23
12/09/2012;1347;$ 1.795,40
13/09/2012;1439;$ 1.802,22
14/09/2012;1293;$ 1.799,57
15/09/2012;405;$ 1.789,54
16/09/2012;0;$ 1.789,54
17/09/2012;930;$ 1.789,54
18/09/2012;933;$ 1.799,77
19/09/2012;1320;$ 1.800,19
20/09/2012;1353;$ 1.795,66
21/09/2012;1231;$ 1.798,98
22/09/2012;313;$ 1.796,75
23/09/2012;41;$ 1.796,75
24/09/2012;840;$ 1.796,75
25/09/2012;1033;$ 1.799,29
26/09/2012;1287;$ 1.795,69
27/09/2012;1335;$ 1.799,55
28/09/2012;1415;$ 1.798,08
29/09/2012;422;$ 1.800,52
30/09/2012;0;$ 1.800,52
01/10/2012;813;$ 1.800,52
02/10/2012;1110;$ 1.797,97
03/10/2012;1280;$ 1.798,86
04/10/2012;1352;$ 1.800,43
05/10/2012;1360;$ 1.797,68
06/10/2012;400;$ 1.795,40
07/10/2012;10;$ 1.795,40
08/10/2012;1195;$ 1.795,40
09/10/2012;1209;$ 1.795,40
10/10/2012;1299;$ 1.798,32
11/10/2012;1324;$ 1.799,78
12/10/2012;1275;$ 1.797,68
13/10/2012;326;$ 1.797,68
14/10/2012;18;$ 1.797,68
15/10/2012;0;$ 1.797,68
16/10/2012;752;$ 1.797,68
17/10/2012;1022;$ 1.797,81
18/10/2012;853;$ 1.798,53
19/10/2012;1319;$ 1.797,66
20/10/2012;391;$ 1.798,42
21/10/2012;7;$ 1.798,42
22/10/2012;866;$ 1.798,42
23/10/2012;1057;$ 1.802,91
24/10/2012;1159;$ 1.816,60
25/10/2012;1180;$ 1.817,25
26/10/2012;1203;$ 1.816,97
27/10/2012;327;$ 1.823,18
28/10/2012;1;$ 1.823,18
29/10/2012;828;$ 1.823,18
30/10/2012;1281;$ 1.830,45
31/10/2012;1195;$ 1.829,89
01/11/2012;1088;$ 1.831,25
02/11/2012;1320;$ 1.825,50
03/11/2012;289;$ 1.828,80
04/11/2012;0;$ 1.828,80
05/11/2012;0;$ 1.828,80
06/11/2012;875;$ 1.828,80
07/11/2012;1095;$ 1.814,99
08/11/2012;1318;$ 1.814,83
09/11/2012;1361;$ 1.814,21
10/11/2012;336;$ 1.816,99
11/11/2012;0;$ 1.816,99
12/11/2012;0;$ 1.816,99
13/11/2012;855;$ 1.816,99
14/11/2012;1142;$ 1.819,30
15/11/2012;1205;$ 1.818,20
16/11/2012;1186;$ 1.822,61
17/11/2012;311;$ 1.823,46
18/11/2012;1;$ 1.823,46
19/11/2012;845;$ 1.823,46
20/11/2012;1084;$ 1.817,67
21/11/2012;1056;$ 1.815,58
22/11/2012;1135;$ 1.815,76
23/11/2012;1232;$ 1.815,76
24/11/2012;329;$ 1.820,18
25/11/2012;1;$ 1.820,18
26/11/2012;893;$ 1.820,18
27/11/2012;1180;$ 1.824,12
28/11/2012;1323;$ 1.823,54
29/11/2012;1448;$ 1.825,08
30/11/2012;1565;$ 1.817,93
01/12/2012;422;$ 1.813,72
02/12/2012;1;$ 1.813,72
03/12/2012;1024;$ 1.813,72
04/12/2012;1175;$ 1.813,73
05/12/2012;1587;$ 1.813,57
06/12/2012;1783;$ 1.811,05
07/12/2012;1652;$ 1.803,69
08/12/2012;0;$ 1.797,45
09/12/2012;0;$ 1.797,45
10/12/2012;1238;$ 1.797,45
11/12/2012;1583;$ 1.799,40
12/12/2012;1729;$ 1.801,50
13/12/2012;1827;$ 1.796,31
14/12/2012;1861;$ 1.795,05
15/12/2012;515;$ 1.798,37
16/12/2012;0;$ 1.798,37
17/12/2012;1192;$ 1.798,37
18/12/2012;1789;$ 1.796,98
19/12/2012;1961;$ 1.794,14
20/12/2012;2101;$ 1.790,46
21/12/2012;2124;$ 1.788,87
22/12/2012;904;$ 1.779,79
23/12/2012;0;$ 1.779,79
24/12/2012;535;$ 1.779,79
25/12/2012;0;$ 1.773,44
26/12/2012;1206;$ 1.773,44
27/12/2012;1921;$ 1.771,49
28/12/2012;2418;$ 1.771,54
29/12/2012;1087;$ 1.768,23
30/12/2012;0;$ 1.768,23
31/12/2012;68;$ 1.768,23
01/01/2013;0;$ 1.768,23
02/01/2013;223;$ 1.768,23
03/01/2013;402;$ 1.759,97
04/01/2013;884;$ 1.760,83
05/01/2013;215;$ 1.767,54
06/01/2013;0;$ 1.767,54
07/01/2013;0;$ 1.767,54
08/01/2013;623;$ 1.767,54
09/01/2013;1005;$ 1.771,31
10/01/2013;957;$ 1.767,96
11/01/2013;1069;$ 1.761,50
12/01/2013;311;$ 1.762,38
13/01/2013;1;$ 1.762,38
14/01/2013;766;$ 1.762,38
15/01/2013;1063;$ 1.758,45
16/01/2013;1007;$ 1.769,88
17/01/2013;1083;$ 1.775,15
18/01/2013;951;$ 1.767,78
19/01/2013;248;$ 1.767,74
20/01/2013;0;$ 1.767,74
21/01/2013;756;$ 1.767,74
22/01/2013;816;$ 1.767,74
23/01/2013;998;$ 1.776,96
24/01/2013;852;$ 1.778,69
25/01/2013;952;$ 1.779,73
26/01/2013;285;$ 1.779,25
27/01/2013;0;$ 1.779,25
28/01/2013;809;$ 1.779,25
29/01/2013;983;$ 1.779,84
30/01/2013;1178;$ 1.776,09
31/01/2013;1104;$ 1.773,24
01/02/2013;1064;$ 1.775,65
02/02/2013;224;$ 1.776,20
03/02/2013;0;$ 1.776,20
04/02/2013;740;$ 1.776,20
05/02/2013;885;$ 1.785,92
06/02/2013;1218;$ 1.789,09
07/02/2013;1150;$ 1.791,24
08/02/2013;1181;$ 1.795,21
09/02/2013;291;$ 1.790,61
10/02/2013;1;$ 1.790,61
11/02/2013;830;$ 1.790,61
12/02/2013;916;$ 1.784,71
13/02/2013;1076;$ 1.783,20
14/02/2013;1110;$ 1.777,72
15/02/2013;1265;$ 1.783,19
16/02/2013;263;$ 1.785,41
17/02/2013;0;$ 1.785,41
18/02/2013;719;$ 1.785,41
19/02/2013;1036;$ 1.785,41
20/02/2013;1096;$ 1.794,63
21/02/2013;1064;$ 1.791,33
22/02/2013;1094;$ 1.798,21
23/02/2013;324;$ 1.800,70
24/02/2013;0;$ 1.800,70
25/02/2013;755;$ 1.800,70
26/02/2013;1119;$ 1.806,11
27/02/2013;1133;$ 1.818,54
28/02/2013;1311;$ 1.816,42
01/03/2013;963;$ 1.814,28
02/03/2013;264;$ 1.816,48
03/03/2013;0;$ 1.816,48
04/03/2013;677;$ 1.816,48
05/03/2013;930;$ 1.813,53
06/03/2013;1073;$ 1.809,65
07/03/2013;1136;$ 1.808,00
08/03/2013;1207;$ 1.803,65
09/03/2013;354;$ 1.800,45
10/03/2013;1;$ 1.800,45
11/03/2013;851;$ 1.800,45
12/03/2013;1065;$ 1.801,20
13/03/2013;1167;$ 1.801,64
14/03/2013;1223;$ 1.798,56
15/03/2013;1297;$ 1.797,28
16/03/2013;385;$ 1.804,06
17/03/2013;0;$ 1.804,06
18/03/2013;830;$ 1.804,06
19/03/2013;1249;$ 1.809,58
20/03/2013;1341;$ 1.809,83
21/03/2013;1459;$ 1.812,35
22/03/2013;1630;$ 1.822,78
23/03/2013;532;$ 1.825,79
24/03/2013;0;$ 1.825,79
25/03/2013;0;$ 1.825,79
26/03/2013;953;$ 1.825,79
27/03/2013;1104;$ 1.828,95
28/03/2013;14;$ 1.832,20
29/03/2013;0;$ 1.832,20
30/03/2013;2;$ 1.832,20
31/03/2013;0;$ 1.832,20
01/04/2013;588;$ 1.832,20
02/04/2013;995;$ 1.823,12
03/04/2013;1165;$ 1.817,14
04/04/2013;1262;$ 1.819,93
05/04/2013;1350;$ 1.829,01
06/04/2013;301;$ 1.826,88
07/04/2013;34;$ 1.826,88
08/04/2013;874;$ 1.826,88
09/04/2013;1221;$ 1.817,66
10/04/2013;1204;$ 1.813,11
11/04/2013;1285;$ 1.821,20
12/04/2013;1279;$ 1.823,84
13/04/2013;394;$ 1.827,79
14/04/2013;16;$ 1.827,79
15/04/2013;781;$ 1.827,79
16/04/2013;1174;$ 1.834,86
17/04/2013;1153;$ 1.833,98
18/04/2013;1203;$ 1.846,46
19/04/2013;1155;$ 1.847,02
20/04/2013;348;$ 1.835,57
21/04/2013;1;$ 1.835,57
22/04/2013;778;$ 1.835,57
23/04/2013;1090;$ 1.841,14
24/04/2013;1161;$ 1.838,03
25/04/2013;1392;$ 1.836,79
26/04/2013;1433;$ 1.830,84
27/04/2013;411;$ 1.833,70
28/04/2013;0;$ 1.833,70
29/04/2013;1015;$ 1.833,70
30/04/2013;1570;$ 1.828,79
01/05/2013;19;$ 1.825,83
02/05/2013;963;$ 1.825,83
03/05/2013;1202;$ 1.836,34
04/05/2013;355;$ 1.835,88
05/05/2013;5;$ 1.835,88
06/05/2013;343;$ 1.835,88
07/05/2013;657;$ 1.831,42
08/05/2013;1241;$ 1.827,13
09/05/2013;1428;$ 1.830,70
10/05/2013;1626;$ 1.833,07
11/05/2013;271;$ 1.834,83
12/05/2013;1;$ 1.834,83
13/05/2013;0;$ 1.834,83
14/05/2013;914;$ 1.834,83
15/05/2013;1155;$ 1.838,63
16/05/2013;1164;$ 1.843,75
17/05/2013;1245;$ 1.838,82
18/05/2013;336;$ 1.841,35
19/05/2013;0;$ 1.841,35
20/05/2013;765;$ 1.841,35
21/05/2013;1087;$ 1.842,59
22/05/2013;1010;$ 1.846,76
23/05/2013;1251;$ 1.850,55
24/05/2013;1117;$ 1.864,02
25/05/2013;281;$ 1.874,10
26/05/2013;4;$ 1.874,10
27/05/2013;962;$ 1.874,10
28/05/2013;1062;$ 1.874,10
29/05/2013;1357;$ 1.897,10
30/05/2013;1485;$ 1.894,13
31/05/2013;1529;$ 1.891,48
01/06/2013;300;$ 1.907,76
02/06/2013;3;$ 1.907,76
03/06/2013;0;$ 1.907,76
04/06/2013;698;$ 1.907,76
05/06/2013;1071;$ 1.894,40
06/06/2013;1184;$ 1.899,08
07/06/2013;1382;$ 1.907,88
08/06/2013;352;$ 1.898,80
09/06/2013;0;$ 1.898,80
10/06/2013;0;$ 1.898,80
11/06/2013;758;$ 1.898,80
12/06/2013;1102;$ 1.907,12
13/06/2013;1238;$ 1.897,53
14/06/2013;1211;$ 1.895,01
15/06/2013;408;$ 1.882,38
16/06/2013;1;$ 1.882,38
17/06/2013;933;$ 1.882,38
18/06/2013;932;$ 1.883,57
19/06/2013;1103;$ 1.902,47
20/06/2013;1213;$ 1.900,87
21/06/2013;1329;$ 1.937,26
22/06/2013;337;$ 1.941,06
23/06/2013;0;$ 1.941,06
24/06/2013;788;$ 1.941,06
25/06/2013;1308;$ 1.942,97
26/06/2013;1345;$ 1.928,27
27/06/2013;1510;$ 1.921,86
28/06/2013;1656;$ 1.922,63
29/06/2013;537;$ 1.929,00
30/06/2013;20;$ 1.929,00
01/07/2013;0;$ 1.929,00
02/07/2013;689;$ 1.929,00
03/07/2013;1045;$ 1.919,42
04/07/2013;1101;$ 1.915,45
05/07/2013;1185;$ 1.915,45
06/07/2013;464;$ 1.927,40
07/07/2013;0;$ 1.927,40
08/07/2013;871;$ 1.927,40
09/07/2013;1231;$ 1.926,84
10/07/2013;1270;$ 1.920,12
11/07/2013;1315;$ 1.920,24
12/07/2013;1249;$ 1.910,79
13/07/2013;358;$ 1.905,25
14/07/2013;0;$ 1.905,25
15/07/2013;629;$ 1.905,25
16/07/2013;1029;$ 1.893,16
17/07/2013;1147;$ 1.878,42
18/07/2013;1288;$ 1.873,25
19/07/2013;1175;$ 1.883,29
20/07/2013;111;$ 1.884,01
21/07/2013;0;$ 1.884,01
22/07/2013;889;$ 1.884,01
23/07/2013;933;$ 1.880,87
24/07/2013;1348;$ 1.886,06
25/07/2013;1224;$ 1.891,02
26/07/2013;1268;$ 1.887,40
27/07/2013;463;$ 1.886,26
28/07/2013;0;$ 1.886,26
29/07/2013;985;$ 1.886,26
30/07/2013;1272;$ 1.888,95
31/07/2013;1666;$ 1.890,33
01/08/2013;1173;$ 1.896,15
02/08/2013;1155;$ 1.896,65
03/08/2013;332;$ 1.891,67
04/08/2013;0;$ 1.891,67
05/08/2013;737;$ 1.891,67
06/08/2013;1170;$ 1.883,24
07/08/2013;23;$ 1.882,01
08/08/2013;836;$ 1.882,01
09/08/2013;1133;$ 1.877,23
10/08/2013;504;$ 1.873,92
11/08/2013;1;$ 1.873,92
12/08/2013;1036;$ 1.873,92
13/08/2013;1361;$ 1.868,90
14/08/2013;1401;$ 1.882,36
15/08/2013;1314;$ 1.883,15
16/08/2013;1200;$ 1.901,03
17/08/2013;299;$ 1.907,06
18/08/2013;0;$ 1.907,06
19/08/2013;0;$ 1.907,06
20/08/2013;755;$ 1.907,06
21/08/2013;1064;$ 1.922,73
22/08/2013;1015;$ 1.929,75
23/08/2013;1283;$ 1.921,99
24/08/2013;300;$ 1.911,16
25/08/2013;0;$ 1.911,16
26/08/2013;828;$ 1.911,16
27/08/2013;883;$ 1.922,96
28/08/2013;1209;$ 1.938,26
29/08/2013;1148;$ 1.939,85
30/08/2013;1265;$ 1.943,04
31/08/2013;431;$ 1.935,43
01/09/2013;0;$ 1.935,43
02/09/2013;742;$ 1.935,43
03/09/2013;907;$ 1.935,43
04/09/2013;1075;$ 1.946,28
05/09/2013;1152;$ 1.938,99
06/09/2013;1087;$ 1.952,11
07/09/2013;310;$ 1.947,99
08/09/2013;0;$ 1.947,99
09/09/2013;878;$ 1.947,99
10/09/2013;1275;$ 1.946,06
11/09/2013;1284;$ 1.935,55
12/09/2013;1249;$ 1.923,64
13/09/2013;1227;$ 1.919,25
14/09/2013;303;$ 1.919,54
15/09/2013;6;$ 1.919,54
16/09/2013;912;$ 1.919,54
17/09/2013;1124;$ 1.917,03
18/09/2013;1225;$ 1.914,12
19/09/2013;1233;$ 1.911,30
20/09/2013;1143;$ 1.887,30
21/09/2013;300;$ 1.889,12
22/09/2013;0;$ 1.889,12
23/09/2013;851;$ 1.889,12
24/09/2013;1121;$ 1.892,89
25/09/2013;1276;$ 1.888,14
26/09/2013;1388;$ 1.893,42
27/09/2013;1307;$ 1.899,10
28/09/2013;376;$ 1.914,65
29/09/2013;0;$ 1.914,65
30/09/2013;1099;$ 1.914,65
01/10/2013;1093;$ 1.908,29
02/10/2013;749;$ 1.893,77
03/10/2013;1235;$ 1.884,97
04/10/2013;1340;$ 1.889,95
05/10/2013;338;$ 1.886,78
06/10/2013;0;$ 1.886,78
07/10/2013;983;$ 1.886,78
08/10/2013;1252;$ 1.885,19
09/10/2013;1292;$ 1.889,17
10/10/2013;1358;$ 1.894,06
11/10/2013;1283;$ 1.885,84
12/10/2013;288;$ 1.883,65
13/10/2013;0;$ 1.883,65
14/10/2013;0;$ 1.883,65
15/10/2013;651;$ 1.883,65
16/10/2013;1070;$ 1.883,70
17/10/2013;1161;$ 1.880,91
18/10/2013;1124;$ 1.879,48
19/10/2013;299;$ 1.879,88
20/10/2013;0;$ 1.879,88
21/10/2013;853;$ 1.879,88
22/10/2013;995;$ 1.885,52
23/10/2013;1115;$ 1.879,46
24/10/2013;1237;$ 1.883,14
25/10/2013;1180;$ 1.882,11
26/10/2013;277;$ 1.882,34
27/10/2013;0;$ 1.882,34
28/10/2013;897;$ 1.882,34
29/10/2013;1249;$ 1.884,43
30/10/2013;1413;$ 1.883,42
31/10/2013;1969;$ 1.884,06
01/11/2013;1143;$ 1.889,16
02/11/2013;274;$ 1.901,22
03/11/2013;0;$ 1.901,22
04/11/2013;0;$ 1.901,22
05/11/2013;883;$ 1.901,22
06/11/2013;1058;$ 1.916,22
07/11/2013;1395;$ 1.916,80
08/11/2013;1291;$ 1.924,87
09/11/2013;278;$ 1.932,77
10/11/2013;2;$ 1.932,77
11/11/2013;0;$ 1.932,77
12/11/2013;917;$ 1.932,77
13/11/2013;1228;$ 1.928,96
14/11/2013;1334;$ 1.932,03
15/11/2013;1394;$ 1.929,24
16/11/2013;314;$ 1.919,89
17/11/2013;0;$ 1.919,89
18/11/2013;883;$ 1.919,89
19/11/2013;1157;$ 1.915,37
20/11/2013;1301;$ 1.919,20
21/11/2013;1290;$ 1.923,19
22/11/2013;1277;$ 1.932,42
23/11/2013;354;$ 1.929,13
24/11/2013;0;$ 1.929,13
25/11/2013;957;$ 1.929,13
26/11/2013;1307;$ 1.926,99
27/11/2013;1439;$ 1.926,74
28/11/2013;1389;$ 1.928,25
29/11/2013;1656;$ 1.928,25
30/11/2013;558;$ 1.931,88
01/12/2013;7;$ 1.931,88
02/12/2013;792;$ 1.931,88
03/12/2013;1064;$ 1.934,16
04/12/2013;1170;$ 1.941,01
05/12/2013;1313;$ 1.948,48
06/12/2013;1433;$ 1.940,26
07/12/2013;400;$ 1.936,33
08/12/2013;0;$ 1.936,33
09/12/2013;1101;$ 1.936,33
10/12/2013;1314;$ 1.932,71
11/12/2013;1439;$ 1.933,52
12/12/2013;1574;$ 1.935,61
13/12/2013;1790;$ 1.935,89
14/12/2013;450;$ 1.930,87
15/12/2013;3;$ 1.930,87
16/12/2013;1043;$ 1.930,87
17/12/2013;1439;$ 1.934,95
18/12/2013;1686;$ 1.936,14
19/12/2013;1810;$ 1.945,60
20/12/2013;1866;$ 1.943,46
21/12/2013;621;$ 1.935,93
22/12/2013;1;$ 1.935,93
23/12/2013;1591;$ 1.935,93
24/12/2013;1168;$ 1.925,45
25/12/2013;0;$ 1.922,76
26/12/2013;1322;$ 1.922,76
27/12/2013;2016;$ 1.921,22
28/12/2013;1043;$ 1.922,56
29/12/2013;1;$ 1.922,56
30/12/2013;1927;$ 1.922,56
31/12/2013;428;$ 1.926,83
01/01/2014;0;$ 1.926,83
02/01/2014;164;$ 1.926,83
03/01/2014;289;$ 1.938,89
04/01/2014;163;$ 1.936,92
05/01/2014;0;$ 1.936,92
06/01/2014;0;$ 1.936,92
07/01/2014;547;$ 1.936,92
08/01/2014;718;$ 1.930,45
09/01/2014;627;$ 1.933,24
10/01/2014;1269;$ 1.934,88
11/01/2014;348;$ 1.926,55
12/01/2014;0;$ 1.926,55
13/01/2014;854;$ 1.926,55
14/01/2014;755;$ 1.924,79
15/01/2014;1223;$ 1.932,59
16/01/2014;985;$ 1.941,45
17/01/2014;1113;$ 1.947,15
18/01/2014;136;$ 1.957,86
19/01/2014;1;$ 1.957,86
20/01/2014;634;$ 1.957,86
21/01/2014;1025;$ 1.957,86
22/01/2014;1140;$ 1.981,98
23/01/2014;1052;$ 1.983,48
24/01/2014;931;$ 1.993,23
25/01/2014;397;$ 2.000,48
26/01/2014;1;$ 2.000,48
27/01/2014;599;$ 2.000,48
28/01/2014;1195;$ 1.997,91
29/01/2014;1177;$ 2.000,56
30/01/2014;1158;$ 2.013,17
31/01/2014;1719;$ 2.008,26
01/02/2014;231;$ 2.021,10
02/02/2014;6;$ 2.021,10
03/02/2014;708;$ 2.021,10
04/02/2014;940;$ 2.039,85
05/02/2014;1091;$ 2.041,34
06/02/2014;1325;$ 2.048,75
07/02/2014;1317;$ 2.049,52
08/02/2014;351;$ 2.046,06
09/02/2014;0;$ 2.046,06
10/02/2014;936;$ 2.046,06
11/02/2014;953;$ 2.048,55
12/02/2014;1291;$ 2.041,61
13/02/2014;1115;$ 2.031,75
14/02/2014;1226;$ 2.032,99
15/02/2014;293;$ 2.022,68
16/02/2014;0;$ 2.022,68
17/02/2014;848;$ 2.022,68
18/02/2014;1030;$ 2.022,68
19/02/2014;1075;$ 2.028,54
20/02/2014;1085;$ 2.042,22
21/02/2014;1188;$ 2.052,46
22/02/2014;310;$ 2.043,96
23/02/2014;0;$ 2.043,96
24/02/2014;861;$ 2.043,96
25/02/2014;1123;$ 2.042,67
26/02/2014;1321;$ 2.045,45
27/02/2014;1476;$ 2.053,11
28/02/2014;1770;$ 2.054,90
01/03/2014;211;$ 2.046,75
02/03/2014;0;$ 2.046,75
03/03/2014;660;$ 2.046,75
04/03/2014;867;$ 2.052,51
05/03/2014;1021;$ 2.047,75
06/03/2014;1175;$ 2.045,14
07/03/2014;1327;$ 2.030,02
08/03/2014;331;$ 2.036,20
09/03/2014;0;$ 2.036,20
10/03/2014;831;$ 2.036,20
11/03/2014;1166;$ 2.042,78
12/03/2014;1163;$ 2.043,59
13/03/2014;1216;$ 2.047,59
14/03/2014;1220;$ 2.044,48
15/03/2014;343;$ 2.044,58
16/03/2014;6;$ 2.044,58
17/03/2014;735;$ 2.044,58
18/03/2014;1061;$ 2.035,16
19/03/2014;1135;$ 2.034,86
20/03/2014;1240;$ 2.017,38
21/03/2014;1374;$ 1.998,60
22/03/2014;335;$ 1.993,85
23/03/2014;1;$ 1.993,85
24/03/2014;0;$ 1.993,85
25/03/2014;879;$ 1.993,85
26/03/2014;1303;$ 1.978,63
27/03/2014;1439;$ 1.973,03
28/03/2014;1280;$ 1.965,64
29/03/2014;653;$ 1.965,32
30/03/2014;2;$ 1.965,32
31/03/2014;1210;$ 1.965,32
01/04/2014;1219;$ 1.969,45
02/04/2014;960;$ 1.966,02
03/04/2014;1220;$ 1.963,51
04/04/2014;1438;$ 1.966,40
05/04/2014;382;$ 1.951,85
06/04/2014;0;$ 1.951,85
07/04/2014;1087;$ 1.951,85
08/04/2014;1290;$ 1.937,59
09/04/2014;1480;$ 1.923,95
10/04/2014;1582;$ 1.931,09
11/04/2014;1575;$ 1.920,93
12/04/2014;228;$ 1.927,28
13/04/2014;0;$ 1.927,28
14/04/2014;1321;$ 1.927,28
15/04/2014;1133;$ 1.926,47
16/04/2014;886;$ 1.932,42
17/04/2014;0;$ 1.930,62
18/04/2014;0;$ 1.930,62
19/04/2014;0;$ 1.930,62
20/04/2014;0;$ 1.930,62
21/04/2014;684;$ 1.930,62
22/04/2014;1079;$ 1.921,75
23/04/2014;1182;$ 1.929,66
24/04/2014;1386;$ 1.936,63
25/04/2014;1157;$ 1.936,07
26/04/2014;479;$ 1.942,37
27/04/2014;1;$ 1.942,37
28/04/2014;1081;$ 1.942,37
29/04/2014;1427;$ 1.936,13
30/04/2014;1945;$ 1.935,14
01/05/2014;2;$ 1.933,46
02/05/2014;917;$ 1.933,46
03/05/2014;294;$ 1.926,30
04/05/2014;1;$ 1.926,30
05/05/2014;849;$ 1.926,30
06/05/2014;1070;$ 1.923,07
07/05/2014;1127;$ 1.918,20
08/05/2014;1240;$ 1.912,97
09/05/2014;1202;$ 1.902,15
10/05/2014;316;$ 1.901,51
11/05/2014;0;$ 1.901,51
12/05/2014;788;$ 1.901,51
13/05/2014;1193;$ 1.904,85
14/05/2014;1272;$ 1.919,70
15/05/2014;1218;$ 1.925,31
16/05/2014;1235;$ 1.927,80
17/05/2014;362;$ 1.925,41
18/05/2014;1;$ 1.925,41
19/05/2014;822;$ 1.925,41
20/05/2014;1140;$ 1.921,16
21/05/2014;1210;$ 1.920,41
22/05/2014;1249;$ 1.911,33
23/05/2014;1227;$ 1.905,80
24/05/2014;390;$ 1.905,53
25/05/2014;0;$ 1.905,53
26/05/2014;729;$ 1.905,53
27/05/2014;1282;$ 1.905,53
28/05/2014;1689;$ 1.917,34
29/05/2014;1625;$ 1.910,80
30/05/2014;1890;$ 1.905,96
31/05/2014;673;$ 1.900,64
01/06/2014;1;$ 1.900,64
02/06/2014;0;$ 1.900,64
03/06/2014;760;$ 1.900,64
04/06/2014;998;$ 1.899,74
05/06/2014;1232;$ 1.897,70
06/06/2014;1229;$ 1.892,08
07/06/2014;368;$ 1.886,09
08/06/2014;1;$ 1.886,09
09/06/2014;1049;$ 1.886,09
10/06/2014;1213;$ 1.883,76
11/06/2014;1317;$ 1.884,97
12/06/2014;1233;$ 1.884,63
13/06/2014;847;$ 1.877,18
14/06/2014;410;$ 1.877,37
15/06/2014;0;$ 1.877,37
16/06/2014;1102;$ 1.877,37
17/06/2014;1195;$ 1.886,62
18/06/2014;1161;$ 1.899,90
19/06/2014;1198;$ 1.895,92
20/06/2014;1232;$ 1.881,34
21/06/2014;333;$ 1.884,56
22/06/2014;1;$ 1.884,56
23/06/2014;0;$ 1.884,56
24/06/2014;829;$ 1.884,56
25/06/2014;1220;$ 1.886,85
26/06/2014;1489;$ 1.880,37
27/06/2014;1889;$ 1.886,01
28/06/2014;839;$ 1.881,19
29/06/2014;1;$ 1.881,19
30/06/2014;5;$ 1.881,19
01/07/2014;543;$ 1.881,19
02/07/2014;1001;$ 1.865,42
03/07/2014;1143;$ 1.856,73
04/07/2014;920;$ 1.848,91
05/07/2014;245;$ 1.848,91
06/07/2014;0;$ 1.848,91
07/07/2014;768;$ 1.848,91
08/07/2014;1172;$ 1.849,28
09/07/2014;1181;$ 1.854,24
10/07/2014;1273;$ 1.859,94
11/07/2014;1229;$ 1.858,47
12/07/2014;383;$ 1.852,57
13/07/2014;1;$ 1.852,57
14/07/2014;952;$ 1.852,57
15/07/2014;1174;$ 1.857,93
16/07/2014;955;$ 1.867,88
17/07/2014;1345;$ 1.868,41
18/07/2014;1133;$ 1.872,27
19/07/2014;329;$ 1.871,87
20/07/2014;2;$ 1.871,87
21/07/2014;686;$ 1.871,87
22/07/2014;1212;$ 1.861,28
23/07/2014;1168;$ 1.848,98
24/07/2014;1334;$ 1.847,85
25/07/2014;1260;$ 1.846,12
26/07/2014;528;$ 1.848,56
27/07/2014;3;$ 1.848,56
28/07/2014;1075;$ 1.848,56
29/07/2014;1476;$ 1.850,61
30/07/2014;1724;$ 1.853,30
31/07/2014;1552;$ 1.872,43
01/08/2014;1604;$ 1.878,75
02/08/2014;318;$ 1.873,65
03/08/2014;0;$ 1.873,65
04/08/2014;825;$ 1.873,65
05/08/2014;1034;$ 1.878,68
06/08/2014;1318;$ 1.892,35
07/08/2014;4;$ 1.888,51
08/08/2014;1239;$ 1.888,51
09/08/2014;368;$ 1.891,59
10/08/2014;1;$ 1.891,59
11/08/2014;1047;$ 1.891,59
12/08/2014;1160;$ 1.881,62
13/08/2014;1553;$ 1.877,40
14/08/2014;1604;$ 1.883,33
15/08/2014;1423;$ 1.877,77
16/08/2014;344;$ 1.884,81
17/08/2014;0;$ 1.884,81
18/08/2014;0;$ 1.884,81
19/08/2014;927;$ 1.884,81
20/08/2014;1108;$ 1.894,27
21/08/2014;1291;$ 1.912,43
22/08/2014;1400;$ 1.919,84
23/08/2014;384;$ 1.924,40
24/08/2014;1;$ 1.924,40
25/08/2014;865;$ 1.924,40
26/08/2014;1479;$ 1.932,39
27/08/2014;1622;$ 1.928,67
28/08/2014;1723;$ 1.926,92
29/08/2014;1969;$ 1.935,04
30/08/2014;917;$ 1.918,62
31/08/2014;8;$ 1.918,62
01/09/2014;810;$ 1.918,62
02/09/2014;803;$ 1.918,62
03/09/2014;1297;$ 1.931,49
04/09/2014;1477;$ 1.924,67
05/09/2014;1346;$ 1.931,45
06/09/2014;408;$ 1.935,25
07/09/2014;1;$ 1.935,25
08/09/2014;1042;$ 1.935,25
09/09/2014;1254;$ 1.942,03
10/09/2014;1497;$ 1.962,84
11/09/2014;1378;$ 1.975,82
12/09/2014;1256;$ 1.979,97
13/09/2014;472;$ 1.994,97
14/09/2014;1;$ 1.994,97
15/09/2014;938;$ 1.994,97
16/09/2014;1225;$ 1.987,71
17/09/2014;1384;$ 1.978,08
18/09/2014;1311;$ 1.975,47
19/09/2014;1218;$ 1.975,42
20/09/2014;328;$ 1.966,89
21/09/2014;0;$ 1.966,89
22/09/2014;890;$ 1.966,89
23/09/2014;1206;$ 1.992,68
24/09/2014;1335;$ 1.997,91
25/09/2014;1466;$ 2.007,48
26/09/2014;1514;$ 2.019,76
27/09/2014;469;$ 2.023,89
28/09/2014;10;$ 2.023,89
29/09/2014;1285;$ 2.023,89
30/09/2014;2026;$ 2.028,48
01/10/2014;1156;$ 2.022,00
02/10/2014;1286;$ 2.025,75
03/10/2014;1165;$ 2.021,49
04/10/2014;333;$ 2.026,20
05/10/2014;0;$ 2.026,20
06/10/2014;929;$ 2.026,20
07/10/2014;1290;$ 2.028,03
08/10/2014;1457;$ 2.026,90
09/10/2014;989;$ 2.040,31
10/10/2014;1861;$ 2.041,71
11/10/2014;370;$ 2.052,96
12/10/2014;5;$ 2.052,96
13/10/2014;0;$ 2.052,96
14/10/2014;969;$ 2.052,96
15/10/2014;1261;$ 2.049,66
16/10/2014;1369;$ 2.057,70
17/10/2014;1349;$ 2.074,40
18/10/2014;389;$ 2.064,43
19/10/2014;2;$ 2.064,43
20/10/2014;931;$ 2.064,43
21/10/2014;1175;$ 2.065,82
22/10/2014;1360;$ 2.048,44
23/10/2014;1344;$ 2.049,90
24/10/2014;1404;$ 2.053,39
25/10/2014;373;$ 2.065,38
26/10/2014;0;$ 2.065,38
27/10/2014;1095;$ 2.065,38
28/10/2014;1459;$ 2.069,72
29/10/2014;1871;$ 2.055,43
30/10/2014;1827;$ 2.044,55
31/10/2014;2514;$ 2.050,52
01/11/2014;230;$ 2.061,92
02/11/2014;1;$ 2.061,92
03/11/2014;0;$ 2.061,92
04/11/2014;674;$ 2.061,92
05/11/2014;959;$ 2.076,99
06/11/2014;1373;$ 2.081,24
07/11/2014;1360;$ 2.086,86
08/11/2014;350;$ 2.103,25
09/11/2014;0;$ 2.103,25
10/11/2014;852;$ 2.103,25
11/11/2014;473;$ 2.103,12
12/11/2014;1681;$ 2.103,12
13/11/2014;1596;$ 2.115,59
14/11/2014;1535;$ 2.133,03
15/11/2014;391;$ 2.160,47
16/11/2014;23;$ 2.160,47
17/11/2014;0;$ 2.160,47
18/11/2014;915;$ 2.160,47
19/11/2014;1192;$ 2.158,58
20/11/2014;1137;$ 2.156,73
21/11/2014;1558;$ 2.156,93
22/11/2014;422;$ 2.142,02
23/11/2014;0;$ 2.142,02
24/11/2014;1080;$ 2.142,02
25/11/2014;1333;$ 2.158,12
26/11/2014;1555;$ 2.162,15
27/11/2014;1784;$ 2.165,15
28/11/2014;2098;$ 2.165,15
29/11/2014;1175;$ 2.206,19
30/11/2014;69;$ 2.206,19
01/12/2014;684;$ 2.206,19
02/12/2014;1055;$ 2.252,36
03/12/2014;1285;$ 2.293,47
04/12/2014;1699;$ 2.286,03
05/12/2014;1769;$ 2.284,24
06/12/2014;348;$ 2.304,12
07/12/2014;1;$ 2.304,12
08/12/2014;0;$ 2.304,12
09/12/2014;1175;$ 2.304,12
10/12/2014;1786;$ 2.350,01
11/12/2014;1864;$ 2.381,96
12/12/2014;2289;$ 2.423,56
13/12/2014;700;$ 2.405,31
14/12/2014;1;$ 2.405,31
15/12/2014;1516;$ 2.405,31
16/12/2014;1941;$ 2.414,39
17/12/2014;2108;$ 2.446,35
18/12/2014;2360;$ 2.412,79
19/12/2014;2391;$ 2.334,98
20/12/2014;624;$ 2.297,14
21/12/2014;1;$ 2.297,14
22/12/2014;1415;$ 2.297,14
23/12/2014;2593;$ 2.316,93
24/12/2014;1909;$ 2.342,57
25/12/2014;0;$ 2.346,90
26/12/2014;1656;$ 2.346,90
27/12/2014;983;$ 2.358,46
28/12/2014;0;$ 2.358,46
29/12/2014;2106;$ 2.358,46
30/12/2014;3437;$ 2.378,56
31/12/2014;822;$ 2.392,46
01/01/2015;0;$ 2.392,46
02/01/2015;117;$ 2.392,46
03/01/2015;76;$ 2.383,37
04/01/2015;0;$ 2.383,37
05/01/2015;325;$ 2.383,37
06/01/2015;739;$ 2.412,82
07/01/2015;1128;$ 2.452,11
08/01/2015;1067;$ 2.434,31
09/01/2015;1180;$ 2.405,03
10/01/2015;377;$ 2.406,71
11/01/2015;0;$ 2.406,71
12/01/2015;2;$ 2.406,71
13/01/2015;859;$ 2.406,71
14/01/2015;1111;$ 2.442,03
15/01/2015;949;$ 2.438,79
16/01/2015;1271;$ 2.398,91
17/01/2015;394;$ 2.383,91
18/01/2015;0;$ 2.383,91
19/01/2015;811;$ 2.383,91
20/01/2015;1097;$ 2.383,91
21/01/2015;1169;$ 2.373,44
22/01/2015;1044;$ 2.361,54
23/01/2015;772;$ 2.370,75
24/01/2015;323;$ 2.386,50
25/01/2015;0;$ 2.386,50
26/01/2015;731;$ 2.386,50
27/01/2015;1164;$ 2.386,28
28/01/2015;1171;$ 2.381,11
29/01/2015;1250;$ 2.362,42
30/01/2015;1580;$ 2.397,35
31/01/2015;659;$ 2.441,10
01/02/2015;1;$ 2.441,10
02/02/2015;739;$ 2.441,10
03/02/2015;880;$ 2.407,29
04/02/2015;1033;$ 2.374,72
05/02/2015;1016;$ 2.381,91
06/02/2015;1181;$ 2.384,53
07/02/2015;312;$ 2.384,76
08/02/2015;0;$ 2.384,76
09/02/2015;856;$ 2.384,76
10/02/2015;1074;$ 2.371,31
11/02/2015;1203;$ 2.380,79
12/02/2015;1145;$ 2.416,61
13/02/2015;1091;$ 2.401,03
14/02/2015;274;$ 2.376,23
15/02/2015;1;$ 2.376,23
16/02/2015;667;$ 2.376,23
17/02/2015;994;$ 2.376,23
18/02/2015;1081;$ 2.416,37
19/02/2015;1136;$ 2.429,71
20/02/2015;1121;$ 2.445,16
21/02/2015;331;$ 2.455,54
22/02/2015;22;$ 2.455,54
23/02/2015;787;$ 2.455,54
24/02/2015;1153;$ 2.489,81
25/02/2015;1242;$ 2.500,59
26/02/2015;1188;$ 2.489,41
27/02/2015;1791;$ 2.484,58
28/02/2015;691;$ 2.496,99
01/03/2015;0;$ 2.496,99
02/03/2015;438;$ 2.496,99
03/03/2015;1071;$ 2.522,03
04/03/2015;1129;$ 2.555,08
05/03/2015;1310;$ 2.565,90
06/03/2015;1126;$ 2.543,47
07/03/2015;293;$ 2.565,61
08/03/2015;1;$ 2.565,61
09/03/2015;665;$ 2.565,61
10/03/2015;1051;$ 2.592,86
11/03/2015;1196;$ 2.618,79
12/03/2015;1184;$ 2.633,65
13/03/2015;1141;$ 2.610,08
14/03/2015;314;$ 2.661,52
15/03/2015;0;$ 2.661,52
16/03/2015;734;$ 2.661,52
17/03/2015;974;$ 2.675,08
18/03/2015;1118;$ 2.677,97
19/03/2015;1091;$ 2.651,49
20/03/2015;1210;$ 2.613,38
21/03/2015;312;$ 2.587,71
22/03/2015;0;$ 2.587,71
23/03/2015;0;$ 2.587,71
24/03/2015;862;$ 2.587,71
25/03/2015;1098;$ 2.526,79
26/03/2015;1174;$ 2.535,55
27/03/2015;1723;$ 2.551,30
28/03/2015;541;$ 2.556,85
29/03/2015;29;$ 2.556,85
30/03/2015;1333;$ 2.556,85
31/03/2015;1692;$ 2.576,05
01/04/2015;613;$ 2.598,36
02/04/2015;0;$ 2.576,41
03/04/2015;0;$ 2.576,41
04/04/2015;1;$ 2.576,41
05/04/2015;0;$ 2.576,41
06/04/2015;634;$ 2.576,41
07/04/2015;882;$ 2.522,71
08/04/2015;1030;$ 2.518,05
09/04/2015;1098;$ 2.490,90
10/04/2015;1110;$ 2.494,77
11/04/2015;316;$ 2.516,08
12/04/2015;0;$ 2.516,08
13/04/2015;740;$ 2.516,08
14/04/2015;1112;$ 2.537,33
15/04/2015;1114;$ 2.550,83
16/04/2015;1072;$ 2.534,63
17/04/2015;1086;$ 2.493,93
18/04/2015;251;$ 2.495,01
19/04/2015;11;$ 2.495,01
20/04/2015;749;$ 2.495,01
21/04/2015;972;$ 2.487,07
22/04/2015;1042;$ 2.469,03
23/04/2015;1089;$ 2.488,50
24/04/2015;1042;$ 2.471,21
25/04/2015;383;$ 2.461,17
26/04/2015;0;$ 2.461,17
27/04/2015;816;$ 2.461,17
28/04/2015;1326;$ 2.419,81
29/04/2015;1487;$ 2.393,42
30/04/2015;2007;$ 2.388,06
01/05/2015;0;$ 2.393,58
02/05/2015;117;$ 2.393,58
03/05/2015;0;$ 2.393,58
04/05/2015;555;$ 2.393,58
05/05/2015;839;$ 2.408,17
06/05/2015;1005;$ 2.386,72
07/05/2015;1183;$ 2.362,41
08/05/2015;1212;$ 2.369,23
09/05/2015;310;$ 2.360,58
10/05/2015;0;$ 2.360,58
11/05/2015;797;$ 2.360,58
12/05/2015;1091;$ 2.381,53
13/05/2015;1107;$ 2.386,77
14/05/2015;1222;$ 2.377,87
15/05/2015;1203;$ 2.389,49
16/05/2015;327;$ 2.417,01
17/05/2015;2;$ 2.417,01
18/05/2015;0;$ 2.417,01
19/05/2015;792;$ 2.417,01
20/05/2015;1034;$ 2.475,45
21/05/2015;1065;$ 2.503,37
22/05/2015;1159;$ 2.489,39
23/05/2015;323;$ 2.500,22
24/05/2015;0;$ 2.500,22
25/05/2015;916;$ 2.500,22
26/05/2015;1174;$ 2.500,22
27/05/2015;1244;$ 2.542,53
28/05/2015;1419;$ 2.548,13
29/05/2015;1725;$ 2.549,97
30/05/2015;827;$ 2.533,79
31/05/2015;1;$ 2.533,79
01/06/2015;524;$ 2.533,79
02/06/2015;820;$ 2.549,29
03/06/2015;1033;$ 2.554,44
04/06/2015;1201;$ 2.571,92
05/06/2015;1180;$ 2.588,56
06/06/2015;334;$ 2.623,66
07/06/2015;2;$ 2.623,66
08/06/2015;0;$ 2.623,66
09/06/2015;808;$ 2.623,66
10/06/2015;1149;$ 2.569,17
11/06/2015;1233;$ 2.523,00
12/06/2015;1239;$ 2.538,55
13/06/2015;437;$ 2.535,91
14/06/2015;0;$ 2.535,91
15/06/2015;0;$ 2.535,91
16/06/2015;732;$ 2.535,91
17/06/2015;1051;$ 2.531,72
18/06/2015;1169;$ 2.550,43
19/06/2015;1141;$ 2.528,85
20/06/2015;397;$ 2.548,20
21/06/2015;0;$ 2.548,20
22/06/2015;686;$ 2.548,20
23/06/2015;1188;$ 2.537,68
24/06/2015;1236;$ 2.550,74
25/06/2015;1463;$ 2.566,66
26/06/2015;1420;$ 2.556,21
27/06/2015;530;$ 2.585,11
28/06/2015;7;$ 2.585,11
29/06/2015;0;$ 2.585,11
30/06/2015;1643;$ 2.585,11
01/07/2015;743;$ 2.598,68
02/07/2015;985;$ 2.626,80
03/07/2015;1099;$ 2.623,91
04/07/2015;310;$ 2.642,97
05/07/2015;2;$ 2.642,97
06/07/2015;639;$ 2.642,97
07/07/2015;1088;$ 2.665,41
08/07/2015;1257;$ 2.690,15
09/07/2015;1201;$ 2.690,79
10/07/2015;1226;$ 2.670,79
11/07/2015;364;$ 2.667,37
12/07/2015;20;$ 2.667,37
13/07/2015;864;$ 2.667,37
14/07/2015;1080;$ 2.693,54
15/07/2015;1226;$ 2.688,20
16/07/2015;1182;$ 2.713,04
17/07/2015;1002;$ 2.727,23
18/07/2015;324;$ 2.751,88
19/07/2015;0;$ 2.751,88
20/07/2015;0;$ 2.751,88
21/07/2015;731;$ 2.751,88
22/07/2015;1041;$ 2.765,10
23/07/2015;1329;$ 2.790,26
24/07/2015;1110;$ 2.807,36
25/07/2015;420;$ 2.857,46
26/07/2015;8;$ 2.857,46
27/07/2015;1010;$ 2.857,46
28/07/2015;1322;$ 2.854,13
29/07/2015;1486;$ 2.855,44
30/07/2015;1589;$ 2.855,32
31/07/2015;2083;$ 2.866,04
01/08/2015;244;$ 2.862,51
02/08/2015;0;$ 2.862,51
03/08/2015;651;$ 2.862,51
04/08/2015;1023;$ 2.902,98
05/08/2015;1211;$ 2.906,95
06/08/2015;1254;$ 2.945,97
07/08/2015;28;$ 2.955,31
08/08/2015;245;$ 2.955,31
09/08/2015;0;$ 2.955,31
10/08/2015;865;$ 2.955,31
11/08/2015;1143;$ 2.913,45
12/08/2015;1157;$ 2.943,97
13/08/2015;1194;$ 2.937,63
14/08/2015;1103;$ 2.966,12
15/08/2015;361;$ 2.983,12
16/08/2015;4;$ 2.983,12
17/08/2015;0;$ 2.983,12
18/08/2015;724;$ 2.983,12
19/08/2015;1061;$ 3.003,35
20/08/2015;1097;$ 3.027,20
21/08/2015;1209;$ 3.053,65
22/08/2015;394;$ 3.102,60
23/08/2015;1;$ 3.102,60
24/08/2015;745;$ 3.102,60
25/08/2015;1207;$ 3.208,37
26/08/2015;1277;$ 3.194,24
27/08/2015;1298;$ 3.238,51
28/08/2015;1586;$ 3.195,47
29/08/2015;541;$ 3.101,10
30/08/2015;20;$ 3.101,10
31/08/2015;1686;$ 3.101,10
01/09/2015;744;$ 3.079,97
02/09/2015;896;$ 3.093,64
03/09/2015;953;$ 3.142,34
04/09/2015;1198;$ 3.119,93
05/09/2015;298;$ 3.113,55
06/09/2015;1;$ 3.113,55
07/09/2015;898;$ 3.113,55
08/09/2015;1095;$ 3.113,55
09/09/2015;1230;$ 3.138,46
10/09/2015;1214;$ 3.105,40
11/09/2015;1141;$ 3.080,57
12/09/2015;371;$ 3.012,96
13/09/2015;0;$ 3.012,96
14/09/2015;832;$ 3.012,96
15/09/2015;1053;$ 3.032,59
16/09/2015;1057;$ 3.025,28
17/09/2015;1115;$ 2.989,04
18/09/2015;1034;$ 2.975,13
19/09/2015;244;$ 2.984,90
20/09/2015;2;$ 2.984,90
21/09/2015;519;$ 2.984,90
22/09/2015;1054;$ 3.001,68
23/09/2015;1199;$ 3.065,74
24/09/2015;1110;$ 3.099,28
25/09/2015;985;$ 3.135,17
26/09/2015;347;$ 3.080,44
27/09/2015;0;$ 3.080,44
28/09/2015;939;$ 3.080,44
29/09/2015;1365;$ 3.096,98
30/09/2015;2121;$ 3.121,94
01/10/2015;774;$ 3.086,75
02/10/2015;819;$ 3.061,85
03/10/2015;242;$ 3.034,90
04/10/2015;0;$ 3.034,90
05/10/2015;617;$ 3.034,90
06/10/2015;1012;$ 2.971,15
07/10/2015;993;$ 2.913,74
08/10/2015;992;$ 2.891,91
09/10/2015;973;$ 2.887,21
10/10/2015;326;$ 2.855,74
11/10/2015;5;$ 2.855,74
12/10/2015;0;$ 2.855,74
13/10/2015;773;$ 2.855,74
14/10/2015;982;$ 2.910,70
15/10/2015;1051;$ 2.928,69
16/10/2015;1069;$ 2.908,87
17/10/2015;270;$ 2.879,89
18/10/2015;0;$ 2.879,89
19/10/2015;630;$ 2.879,89
20/10/2015;909;$ 2.912,99
21/10/2015;987;$ 2.929,19
22/10/2015;979;$ 2.966,68
23/10/2015;920;$ 2.925,36
24/10/2015;428;$ 2.912,08
25/10/2015;25;$ 2.912,08
26/10/2015;741;$ 2.912,08
27/10/2015;1075;$ 2.918,21
28/10/2015;1210;$ 2.950,87
29/10/2015;1395;$ 2.926,75
30/10/2015;1615;$ 2.921,32
31/10/2015;757;$ 2.897,83
01/11/2015;18;$ 2.897,83
02/11/2015;0;$ 2.897,83
03/11/2015;517;$ 2.897,83
04/11/2015;792;$ 2.825,25
05/11/2015;904;$ 2.819,63
06/11/2015;986;$ 2.853,32
07/11/2015;370;$ 2.896,19
08/11/2015;0;$ 2.896,19
09/11/2015;773;$ 2.896,19
10/11/2015;1019;$ 2.921,15
11/11/2015;1051;$ 2.935,86
12/11/2015;1099;$ 2.935,86
13/11/2015;1061;$ 3.009,36
14/11/2015;240;$ 3.073,23
15/11/2015;1;$ 3.073,23
16/11/2015;0;$ 3.073,23
17/11/2015;651;$ 3.073,23
18/11/2015;940;$ 3.069,24
19/11/2015;1138;$ 3.108,70
20/11/2015;1100;$ 3.082,04
21/11/2015;295;$ 3.047,31
22/11/2015;0;$ 3.047,31
23/11/2015;766;$ 3.047,31
24/11/2015;1048;$ 3.086,82
25/11/2015;1243;$ 3.074,35
26/11/2015;1281;$ 3.099,75
27/11/2015;1344;$ 3.099,75
28/11/2015;617;$ 3.101,10
29/11/2015;0;$ 3.101,10
30/11/2015;1848;$ 3.101,10
01/12/2015;669;$ 3.142,11
02/12/2015;949;$ 3.131,95
03/12/2015;1053;$ 3.166,67
04/12/2015;1281;$ 3.149,12
05/12/2015;350;$ 3.179,22
06/12/2015;0;$ 3.179,22
07/12/2015;807;$ 3.179,22
08/12/2015;5;$ 3.287,03
09/12/2015;1032;$ 3.287,03
10/12/2015;1249;$ 3.294,02
11/12/2015;1387;$ 3.259,56
12/12/2015;364;$ 3.299,36
13/12/2015;0;$ 3.299,36
14/12/2015;1084;$ 3.299,36
15/12/2015;1303;$ 3.356,00
16/12/2015;1443;$ 3.328,08
17/12/2015;1429;$ 3.317,72
18/12/2015;1681;$ 3.333,37
19/12/2015;544;$ 3.337,68
20/12/2015;5;$ 3.337,68
21/12/2015;1198;$ 3.337,68
22/12/2015;1789;$ 3.332,70
23/12/2015;1902;$ 3.307,24
24/12/2015;1164;$ 3.255,19
25/12/2015;0;$ 3.172,03
26/12/2015;297;$ 3.172,03
27/12/2015;3;$ 3.172,03
28/12/2015;1288;$ 3.172,03
29/12/2015;2194;$ 3.180,87
30/12/2015;2775;$ 3.155,22
31/12/2015;474;$ 3.149,47
01/01/2016;0;$ 3.149,47
02/01/2016;3;$ 3.149,47
03/01/2016;0;$ 3.149,47
04/01/2016;100;$ 3.149,47
05/01/2016;258;$ 3.213,24
06/01/2016;419;$ 3.203,86
07/01/2016;452;$ 3.250,69
08/01/2016;782;$ 3.287,28
09/01/2016;197;$ 3.268,37
10/01/2016;2;$ 3.268,37
11/01/2016;0;$ 3.268,37
12/01/2016;565;$ 3.268,37
13/01/2016;1022;$ 3.246,51
14/01/2016;992;$ 3.235,45
15/01/2016;974;$ 3.240,71
16/01/2016;291;$ 3.293,94
17/01/2016;0;$ 3.293,94
18/01/2016;667;$ 3.293,94
19/01/2016;905;$ 3.293,94
20/01/2016;904;$ 3.297,46
21/01/2016;996;$ 3.357,67
22/01/2016;923;$ 3.368,49
23/01/2016;293;$ 3.281,74
24/01/2016;0;$ 3.281,74
25/01/2016;613;$ 3.281,74
26/01/2016;901;$ 3.362,38
27/01/2016;1005;$ 3.375,80
28/01/2016;1231;$ 3.366,63
29/01/2016;1488;$ 3.302,92
30/01/2016;846;$ 3.287,31
31/01/2016;0;$ 3.287,31
01/02/2016;451;$ 3.287,31
02/02/2016;694;$ 3.326,82
03/02/2016;747;$ 3.387,69
04/02/2016;931;$ 3.382,20
05/02/2016;918;$ 3.315,75
06/02/2016;226;$ 3.320,49
07/02/2016;16;$ 3.320,49
08/02/2016;653;$ 3.320,49
09/02/2016;747;$ 3.367,02
10/02/2016;895;$ 3.391,93
11/02/2016;924;$ 3.385,65
12/02/2016;1003;$ 3.434,89
13/02/2016;305;$ 3.409,82
14/02/2016;0;$ 3.409,82
15/02/2016;783;$ 3.409,82
16/02/2016;773;$ 3.409,82
17/02/2016;1014;$ 3.406,87
18/02/2016;941;$ 3.391,87
19/02/2016;971;$ 3.338,03
20/02/2016;225;$ 3.356,78
21/02/2016;1;$ 3.356,78
22/02/2016;738;$ 3.356,78
23/02/2016;947;$ 3.314,24
24/02/2016;1094;$ 3.322,54
25/02/2016;1104;$ 3.341,69
26/02/2016;1390;$ 3.310,16
27/02/2016;344;$ 3.306,00
28/02/2016;0;$ 3.306,00
29/02/2016;1545;$ 3.306,00
01/03/2016;644;$ 3.319,80
02/03/2016;841;$ 3.268,86
03/03/2016;845;$ 3.205,60
04/03/2016;956;$ 3.203,03
05/03/2016;211;$ 3.163,25
06/03/2016;1;$ 3.163,25
07/03/2016;809;$ 3.163,25
08/03/2016;902;$ 3.135,28
09/03/2016;905;$ 3.155,90
10/03/2016;984;$ 3.192,49
11/03/2016;952;$ 3.204,27
12/03/2016;248;$ 3.164,12
13/03/2016;0;$ 3.164,12
14/03/2016;707;$ 3.164,12
15/03/2016;965;$ 3.175,95
16/03/2016;1132;$ 3.175,88
17/03/2016;1125;$ 3.155,90
18/03/2016;1234;$ 3.087,39
19/03/2016;364;$ 3.065,79
20/03/2016;1;$ 3.065,79
21/03/2016;0;$ 3.065,79
22/03/2016;667;$ 3.065,79
23/03/2016;703;$ 3.050,31
24/03/2016;0;$ 3.058,80
25/03/2016;0;$ 3.058,80
26/03/2016;0;$ 3.058,80
27/03/2016;0;$ 3.058,80
28/03/2016;596;$ 3.058,80
29/03/2016;928;$ 3.047,85
30/03/2016;1268;$ 3.052,33
31/03/2016;1861;$ 3.022,35
01/04/2016;637;$ 3.000,63
02/04/2016;152;$ 3.038,48
03/04/2016;8;$ 3.038,48
04/04/2016;512;$ 3.038,48
05/04/2016;617;$ 3.066,94
06/04/2016;896;$ 3.085,82
07/04/2016;938;$ 3.081,39
08/04/2016;888;$ 3.109,60
09/04/2016;173;$ 3.076,29
10/04/2016;0;$ 3.076,29
11/04/2016;613;$ 3.076,29
12/04/2016;755;$ 3.057,96
13/04/2016;904;$ 3.036,57
14/04/2016;899;$ 3.006,35
15/04/2016;875;$ 3.000,78
16/04/2016;199;$ 2.999,38
17/04/2016;0;$ 2.999,38
18/04/2016;674;$ 2.999,38
19/04/2016;768;$ 2.995,86
20/04/2016;939;$ 2.912,20
21/04/2016;1025;$ 2.899,92
22/04/2016;898;$ 2.928,70
23/04/2016;247;$ 2.939,70
24/04/2016;0;$ 2.939,70
25/04/2016;703;$ 2.939,70
26/04/2016;1006;$ 2.962,08
27/04/2016;1235;$ 2.945,37
28/04/2016;1252;$ 2.943,23
29/04/2016;1703;$ 2.885,72
30/04/2016;899;$ 2.851,14
01/05/2016;0;$ 2.851,14
02/05/2016;374;$ 2.851,14
03/05/2016;620;$ 2.833,78
04/05/2016;840;$ 2.895,51
05/05/2016;1001;$ 2.942,16
06/05/2016;975;$ 2.952,37
07/05/2016;255;$ 2.969,62
08/05/2016;0;$ 2.969,62
09/05/2016;0;$ 2.969,62
10/05/2016;707;$ 2.969,62
11/05/2016;910;$ 2.979,54
12/05/2016;987;$ 2.956,82
13/05/2016;925;$ 2.934,88
14/05/2016;220;$ 2.983,82
15/05/2016;0;$ 2.983,82
16/05/2016;687;$ 2.983,82
17/05/2016;796;$ 3.007,74
18/05/2016;905;$ 3.020,89
19/05/2016;925;$ 3.031,48
20/05/2016;918;$ 3.056,06
21/05/2016;257;$ 3.047,99
22/05/2016;0;$ 3.047,99
23/05/2016;659;$ 3.047,99
24/05/2016;941;$ 3.058,25
25/05/2016;1107;$ 3.059,92
26/05/2016;1225;$ 3.061,89
27/05/2016;1375;$ 3.054,60
28/05/2016;358;$ 3.069,17
29/05/2016;0;$ 3.069,17
30/05/2016;0;$ 3.069,17
31/05/2016;1613;$ 3.069,17
01/06/2016;439;$ 3.089,65
02/06/2016;757;$ 3.117,83
03/06/2016;904;$ 3.110,88
04/06/2016;244;$ 3.017,71
05/06/2016;13;$ 3.017,71
06/06/2016;0;$ 3.017,71
07/06/2016;648;$ 3.017,71
08/06/2016;836;$ 2.950,95
09/06/2016;863;$ 2.905,23
10/06/2016;1073;$ 2.942,13
11/06/2016;207;$ 2.969,83
12/06/2016;0;$ 2.969,83
13/06/2016;726;$ 2.969,83
14/06/2016;848;$ 2.990,35
15/06/2016;926;$ 3.003,28
16/06/2016;884;$ 2.989,56
17/06/2016;890;$ 3.019,12
18/06/2016;195;$ 3.010,91
19/06/2016;0;$ 3.010,91
20/06/2016;653;$ 3.010,91
21/06/2016;831;$ 2.972,97
22/06/2016;966;$ 2.976,29
23/06/2016;942;$ 2.944,06
24/06/2016;970;$ 2.897,53
25/06/2016;269;$ 2.972,92
26/06/2016;0;$ 2.972,92
27/06/2016;906;$ 2.972,92
28/06/2016;1046;$ 3.022,78
29/06/2016;1464;$ 3.005,18
30/06/2016;2242;$ 2.916,15
01/07/2016;496;$ 2.919,01
02/07/2016;81;$ 2.914,38
03/07/2016;0;$ 2.914,38
04/07/2016;0;$ 2.914,38
05/07/2016;517;$ 2.914,38
06/07/2016;762;$ 2.966,87
07/07/2016;678;$ 3.003,20
08/07/2016;939;$ 2.986,49
09/07/2016;219;$ 2.952,64
10/07/2016;0;$ 2.952,64
11/07/2016;643;$ 2.952,64
12/07/2016;796;$ 2.929,81
13/07/2016;760;$ 2.911,91
14/07/2016;724;$ 2.936,53
15/07/2016;867;$ 2.923,07
16/07/2016;222;$ 2.923,46
17/07/2016;0;$ 2.923,46
18/07/2016;584;$ 2.923,46
19/07/2016;777;$ 2.928,30
20/07/2016;0;$ 2.931,08
21/07/2016;816;$ 2.931,08
22/07/2016;893;$ 2.928,67
23/07/2016;226;$ 2.942,65
24/07/2016;0;$ 2.942,65
25/07/2016;697;$ 2.942,65
26/07/2016;971;$ 2.997,25
27/07/2016;1106;$ 3.055,15
28/07/2016;1312;$ 3.073,52
29/07/2016;1606;$ 3.091,78
30/07/2016;959;$ 3.081,75
31/07/2016;1;$ 3.081,75
01/08/2016;404;$ 3.081,75
02/08/2016;746;$ 3.090,28
03/08/2016;838;$ 3.084,81
04/08/2016;986;$ 3.110,43
05/08/2016;898;$ 3.079,83
06/08/2016;175;$ 3.052,80
07/08/2016;0;$ 3.052,80
08/08/2016;798;$ 3.052,80
09/08/2016;954;$ 2.992,50
10/08/2016;844;$ 2.974,31
11/08/2016;1133;$ 2.954,90
12/08/2016;968;$ 2.911,26
13/08/2016;228;$ 2.908,67
14/08/2016;0;$ 2.908,67
15/08/2016;0;$ 2.908,67
16/08/2016;692;$ 2.908,67
17/08/2016;881;$ 2.905,30
18/08/2016;972;$ 2.918,07
19/08/2016;1017;$ 2.884,02
20/08/2016;268;$ 2.867,37
21/08/2016;0;$ 2.867,37
22/08/2016;728;$ 2.867,37
23/08/2016;992;$ 2.883,89
24/08/2016;1044;$ 2.909,10
25/08/2016;1106;$ 2.938,28
26/08/2016;1111;$ 2.915,67
27/08/2016;356;$ 2.882,69
28/08/2016;0;$ 2.882,69
29/08/2016;973;$ 2.882,69
30/08/2016;1500;$ 2.924,29
31/08/2016;1941;$ 2.933,82
01/09/2016;677;$ 2.956,53
02/09/2016;770;$ 2.986,36
03/09/2016;180;$ 2.957,56
04/09/2016;0;$ 2.957,56
05/09/2016;611;$ 2.957,56
06/09/2016;862;$ 2.957,56
07/09/2016;999;$ 2.887,64
08/09/2016;951;$ 2.840,38
09/09/2016;974;$ 2.846,13
10/09/2016;239;$ 2.899,29
11/09/2016;0;$ 2.899,29
12/09/2016;557;$ 2.899,29
13/09/2016;932;$ 2.942,29
14/09/2016;914;$ 2.976,19
15/09/2016;891;$ 2.972,65
16/09/2016;808;$ 2.938,50
17/09/2016;195;$ 2.956,58
18/09/2016;0;$ 2.956,58
19/09/2016;695;$ 2.956,58
20/09/2016;864;$ 2.928,18
21/09/2016;934;$ 2.911,11
22/09/2016;885;$ 2.894,15
23/09/2016;1031;$ 2.862,52
24/09/2016;130;$ 2.917,95
25/09/2016;0;$ 2.917,95
26/09/2016;685;$ 2.917,95
27/09/2016;1050;$ 2.917,58
28/09/2016;1193;$ 2.921,99
29/09/2016;1457;$ 2.914,11
30/09/2016;2013;$ 2.879,95
01/10/2016;130;$ 2.880,08
02/10/2016;0;$ 2.880,08
03/10/2016;423;$ 2.880,08
04/10/2016;667;$ 2.937,23
05/10/2016;846;$ 2.963,06
06/10/2016;823;$ 2.964,93
07/10/2016;865;$ 2.924,80
08/10/2016;195;$ 2.913,96
09/10/2016;0;$ 2.913,96
10/10/2016;653;$ 2.913,96
11/10/2016;832;$ 2.913,96
12/10/2016;839;$ 2.919,51
13/10/2016;860;$ 2.919,18
14/10/2016;931;$ 2.930,78
15/10/2016;213;$ 2.915,67
16/10/2016;0;$ 2.915,67
17/10/2016;0;$ 2.915,67
18/10/2016;641;$ 2.915,67
19/10/2016;781;$ 2.905,93
20/10/2016;909;$ 2.914,15
21/10/2016;983;$ 2.934,03
22/10/2016;203;$ 2.944,25
23/10/2016;0;$ 2.944,25
24/10/2016;704;$ 2.944,25
25/10/2016;916;$ 2.929,83
26/10/2016;1037;$ 2.941,34
27/10/2016;1092;$ 2.965,18
28/10/2016;1304;$ 2.966,61
29/10/2016;540;$ 2.967,66
30/10/2016;3;$ 2.967,66
31/10/2016;1899;$ 2.967,66
01/11/2016;521;$ 2.998,55
02/11/2016;701;$ 3.026,68
03/11/2016;815;$ 3.070,54
04/11/2016;901;$ 3.071,12
05/11/2016;243;$ 3.070,40
06/11/2016;0;$ 3.070,40
07/11/2016;0;$ 3.070,40
08/11/2016;720;$ 3.070,40
09/11/2016;835;$ 2.984,78
10/11/2016;953;$ 3.012,12
11/11/2016;967;$ 3.100,12
12/11/2016;220;$ 3.100,12
13/11/2016;19;$ 3.100,12
14/11/2016;0;$ 3.100,12
15/11/2016;679;$ 3.100,12
16/11/2016;902;$ 3.124,91
17/11/2016;1014;$ 3.131,11
18/11/2016;1015;$ 3.135,65
19/11/2016;265;$ 3.163,49
20/11/2016;0;$ 3.163,49
21/11/2016;761;$ 3.163,49
22/11/2016;1048;$ 3.144,72
23/11/2016;1185;$ 3.139,76
24/11/2016;1141;$ 3.187,97
25/11/2016;1242;$ 3.187,97
26/11/2016;457;$ 3.170,64
27/11/2016;0;$ 3.170,64
28/11/2016;1052;$ 3.170,64
29/11/2016;1740;$ 3.142,20
30/11/2016;3109;$ 3.165,09
01/12/2016;812;$ 3.085,60
02/12/2016;986;$ 3.068,34
03/12/2016;295;$ 3.061,04
04/12/2016;2;$ 3.061,04
05/12/2016;917;$ 3.061,04
06/12/2016;1261;$ 3.049,47
07/12/2016;1361;$ 3.015,47
08/12/2016;5;$ 2.989,71
09/12/2016;1340;$ 2.989,71
10/12/2016;441;$ 3.002,80
11/12/2016;0;$ 3.002,80
12/12/2016;1107;$ 3.002,80
13/12/2016;1600;$ 2.984,02
14/12/2016;1653;$ 2.982,29
15/12/2016;1626;$ 2.964,56
16/12/2016;1599;$ 3.000,47
17/12/2016;378;$ 2.997,20
18/12/2016;0;$ 2.997,20
19/12/2016;1240;$ 2.997,20
20/12/2016;1567;$ 3.019,44
21/12/2016;1588;$ 2.988,06
22/12/2016;1644;$ 2.989,14
23/12/2016;1667;$ 2.996,03
24/12/2016;334;$ 2.996,60
25/12/2016;0;$ 2.996,60
26/12/2016;1234;$ 2.996,60
27/12/2016;1922;$ 2.996,60
28/12/2016;2409;$ 2.992,81
29/12/2016;3603;$ 3.019,72
30/12/2016;965;$ 3.000,71
31/12/2016;46;$ 3.000,71
01/01/2017;0;$ 3.000,71
02/01/2017;45;$ 3.000,71
03/01/2017;116;$ 3.000,71
04/01/2017;232;$ 2.981,06
05/01/2017;455;$ 2.965,36
06/01/2017;776;$ 2.941,08
07/01/2017;192;$ 2.919,01
08/01/2017;0;$ 2.919,01
09/01/2017;0;$ 2.919,01
10/01/2017;609;$ 2.919,01
11/01/2017;727;$ 2.949,60
12/01/2017;955;$ 2.980,80
13/01/2017;1110;$ 2.930,19
14/01/2017;237;$ 2.935,96
15/01/2017;0;$ 2.935,96
16/01/2017;853;$ 2.935,96
17/01/2017;927;$ 2.935,96
18/01/2017;868;$ 2.924,77
19/01/2017;937;$ 2.934,58
20/01/2017;850;$ 2.938,24
21/01/2017;208;$ 2.927,91
22/01/2017;0;$ 2.927,91
23/01/2017;666;$ 2.927,91
24/01/2017;842;$ 2.908,53
25/01/2017;798;$ 2.932,01
26/01/2017;950;$ 2.927,53
27/01/2017;923;$ 2.936,72
28/01/2017;244;$ 2.930,17
29/01/2017;0;$ 2.930,17
30/01/2017;941;$ 2.930,17
31/01/2017;1846;$ 2.936,66
01/02/2017;583;$ 2.921,90
02/02/2017;723;$ 2.906,78
03/02/2017;742;$ 2.882,20
04/02/2017;211;$ 2.855,80
05/02/2017;0;$ 2.855,80
06/02/2017;590;$ 2.855,80
07/02/2017;781;$ 2.853,99
08/02/2017;833;$ 2.867,76
09/02/2017;896;$ 2.879,49
10/02/2017;849;$ 2.862,63
11/02/2017;206;$ 2.851,98
12/02/2017;3;$ 2.851,98
13/02/2017;735;$ 2.851,98
14/02/2017;810;$ 2.875,46
15/02/2017;820;$ 2.867,64
16/02/2017;808;$ 2.876,03
17/02/2017;767;$ 2.875,68
18/02/2017;200;$ 2.902,81
19/02/2017;0;$ 2.902,81
20/02/2017;633;$ 2.902,81
21/02/2017;845;$ 2.902,81
22/02/2017;911;$ 2.902,68
23/02/2017;818;$ 2.893,55
24/02/2017;1052;$ 2.871,67
25/02/2017;275;$ 2.886,52
26/02/2017;0;$ 2.886,52
27/02/2017;1014;$ 2.886,52
28/02/2017;1931;$ 2.896,27
01/03/2017;485;$ 2.919,17
02/03/2017;708;$ 2.935,75
03/03/2017;697;$ 2.960,91
04/03/2017;164;$ 2.977,43
05/03/2017;0;$ 2.977,43
06/03/2017;680;$ 2.977,43
07/03/2017;826;$ 2.966,67
08/03/2017;866;$ 2.972,44
09/03/2017;884;$ 2.987,88
10/03/2017;888;$ 3.004,43
11/03/2017;259;$ 2.980,83
12/03/2017;1;$ 2.980,83
13/03/2017;714;$ 2.980,83
14/03/2017;893;$ 2.987,93
15/03/2017;922;$ 2.997,73
16/03/2017;981;$ 2.972,61
17/03/2017;851;$ 2.923,96
18/03/2017;143;$ 2.912,53
19/03/2017;0;$ 2.912,53
20/03/2017;0;$ 2.912,53
21/03/2017;616;$ 2.912,53
22/03/2017;840;$ 2.904,87
23/03/2017;908;$ 2.936,82
24/03/2017;1007;$ 2.921,25
25/03/2017;302;$ 2.899,94
26/03/2017;3;$ 2.899,94
27/03/2017;720;$ 2.899,94
28/03/2017;1065;$ 2.913,48
29/03/2017;1210;$ 2.911,99
30/03/2017;1475;$ 2.888,02
31/03/2017;2092;$ 2.880,24
01/04/2017;130;$ 2.885,57
02/04/2017;1;$ 2.885,57
03/04/2017;393;$ 2.885,57
04/04/2017;642;$ 2.866,87
05/04/2017;808;$ 2.869,32
06/04/2017;964;$ 2.857,65
07/04/2017;974;$ 2.853,10
08/04/2017;271;$ 2.858,00
09/04/2017;0;$ 2.858,00
10/04/2017;663;$ 2.858,00
11/04/2017;957;$ 2.867,13
12/04/2017;646;$ 2.868,60
13/04/2017;0;$ 2.872,55
14/04/2017;0;$ 2.872,55
15/04/2017;0;$ 2.872,55
16/04/2017;0;$ 2.872,55
17/04/2017;642;$ 2.872,55
18/04/2017;691;$ 2.854,89
19/04/2017;803;$ 2.837,90
20/04/2017;778;$ 2.856,48
21/04/2017;891;$ 2.863,39
22/04/2017;204;$ 2.868,89
23/04/2017;0;$ 2.868,89
24/04/2017;672;$ 2.868,89
25/04/2017;1015;$ 2.871,98
26/04/2017;1100;$ 2.899,13
27/04/2017;1265;$ 2.928,07
28/04/2017;1781;$ 2.944,31
29/04/2017;881;$ 2.947,85
30/04/2017;12;$ 2.947,85
01/05/2017;0;$ 2.947,85
02/05/2017;378;$ 2.947,85
03/05/2017;596;$ 2.945,53
04/05/2017;784;$ 2.930,17
05/05/2017;869;$ 2.967,44
06/05/2017;199;$ 2.961,78
07/05/2017;0;$ 2.961,78
08/05/2017;637;$ 2.961,78
09/05/2017;778;$ 2.959,26
10/05/2017;931;$ 2.967,24
11/05/2017;880;$ 2.949,35
12/05/2017;855;$ 2.933,92
13/05/2017;225;$ 2.918,69
14/05/2017;0;$ 2.918,69
15/05/2017;629;$ 2.918,69
16/05/2017;770;$ 2.883,87
17/05/2017;812;$ 2.873,22
18/05/2017;904;$ 2.893,40
19/05/2017;878;$ 2.932,16
20/05/2017;281;$ 2.889,45
21/05/2017;0;$ 2.889,45
22/05/2017;632;$ 2.889,45
23/05/2017;912;$ 2.895,12
24/05/2017;996;$ 2.904,61
25/05/2017;1057;$ 2.905,29
26/05/2017;1105;$ 2.911,66
27/05/2017;431;$ 2.913,47
28/05/2017;0;$ 2.913,47
29/05/2017;0;$ 2.913,47
30/05/2017;1043;$ 2.913,47
31/05/2017;2443;$ 2.920,42
01/06/2017;566;$ 2.921,00
02/06/2017;633;$ 2.895,73
03/06/2017;145;$ 2.894,72
04/06/2017;0;$ 2.894,72
05/06/2017;581;$ 2.894,72
06/06/2017;731;$ 2.895,85
07/06/2017;800;$ 2.893,76
08/06/2017;843;$ 2.907,10
09/06/2017;839;$ 2.919,82
10/06/2017;219;$ 2.919,58
11/06/2017;0;$ 2.919,58
12/06/2017;610;$ 2.919,58
13/06/2017;790;$ 2.929,20
14/06/2017;876;$ 2.933,13
15/06/2017;791;$ 2.924,75
16/06/2017;850;$ 2.953,83
17/06/2017;251;$ 2.961,68
18/06/2017;4;$ 2.961,68
19/06/2017;0;$ 2.961,68
20/06/2017;719;$ 2.961,68
21/06/2017;903;$ 3.029,53
22/06/2017;1062;$ 3.053,90
23/06/2017;1025;$ 3.035,83
24/06/2017;259;$ 3.010,68
25/06/2017;0;$ 3.010,68
26/06/2017;0;$ 3.010,68
27/06/2017;776;$ 3.010,68
28/06/2017;1231;$ 3.025,28
29/06/2017;1502;$ 3.023,64
30/06/2017;2920;$ 3.038,26
01/07/2017;109;$ 3.050,43
02/07/2017;0;$ 3.050,43
03/07/2017;0;$ 3.050,43
04/07/2017;309;$ 3.050,43
05/07/2017;651;$ 3.050,43
06/07/2017;768;$ 3.068,93
07/07/2017;839;$ 3.084,19
08/07/2017;198;$ 3.092,65
09/07/2017;1;$ 3.092,65
10/07/2017;686;$ 3.092,65
11/07/2017;780;$ 3.067,33
12/07/2017;851;$ 3.067,73
13/07/2017;844;$ 3.052,30
14/07/2017;1003;$ 3.043,60
15/07/2017;218;$ 3.019,56
16/07/2017;1;$ 3.019,56
17/07/2017;704;$ 3.019,56
18/07/2017;862;$ 3.030,60
19/07/2017;884;$ 3.013,26
20/07/2017;2;$ 3.010,00
21/07/2017;823;$ 3.010,00
22/07/2017;221;$ 3.010,77
23/07/2017;0;$ 3.010,77
24/07/2017;695;$ 3.010,77
25/07/2017;988;$ 3.023,67
26/07/2017;1154;$ 3.026,55
27/07/2017;1251;$ 3.026,22
28/07/2017;1325;$ 3.002,94
29/07/2017;483;$ 2.995,23
30/07/2017;0;$ 2.995,23
31/07/2017;2061;$ 2.995,23
01/08/2017;620;$ 2.997,59
02/08/2017;671;$ 2.973,03
03/08/2017;824;$ 2.964,66
04/08/2017;892;$ 2.954,54
05/08/2017;189;$ 2.974,39
06/08/2017;0;$ 2.974,39
07/08/2017;0;$ 2.974,39
08/08/2017;621;$ 2.974,39
09/08/2017;905;$ 2.994,62
10/08/2017;965;$ 3.011,14
11/08/2017;884;$ 2.994,85
12/08/2017;247;$ 2.984,99
13/08/2017;0;$ 2.984,99
14/08/2017;668;$ 2.984,99
15/08/2017;933;$ 2.966,54
16/08/2017;920;$ 2.974,70
17/08/2017;993;$ 2.967,32
18/08/2017;930;$ 2.980,03
19/08/2017;224;$ 2.994,39
20/08/2017;1;$ 2.994,39
21/08/2017;0;$ 2.994,39
22/08/2017;621;$ 2.994,39
23/08/2017;886;$ 2.986,83
24/08/2017;923;$ 2.986,88
25/08/2017;1068;$ 2.972,98
26/08/2017;273;$ 2.933,96
27/08/2017;0;$ 2.933,96
28/08/2017;846;$ 2.933,96
29/08/2017;1141;$ 2.934,23
30/08/2017;1570;$ 2.940,35
31/08/2017;2214;$ 2.937,09
01/09/2017;581;$ 2.948,09
02/09/2017;152;$ 2.936,07
03/09/2017;0;$ 2.936,07
04/09/2017;523;$ 2.936,07
05/09/2017;707;$ 2.936,07
06/09/2017;881;$ 2.923,49
07/09/2017;525;$ 2.919,50
08/09/2017;832;$ 2.907,96
09/09/2017;193;$ 2.909,15
10/09/2017;1;$ 2.909,15
11/09/2017;653;$ 2.909,15
12/09/2017;763;$ 2.916,10
13/09/2017;993;$ 2.923,03
14/09/2017;845;$ 2.909,52
15/09/2017;821;$ 2.905,98
16/09/2017;160;$ 2.897,83
17/09/2017;0;$ 2.897,83
18/09/2017;631;$ 2.897,83
19/09/2017;761;$ 2.906,06
20/09/2017;717;$ 2.904,60
21/09/2017;850;$ 2.893,18
22/09/2017;815;$ 2.913,96
23/09/2017;184;$ 2.900,73
24/09/2017;2;$ 2.900,73
25/09/2017;817;$ 2.900,73
26/09/2017;965;$ 2.924,57
27/09/2017;1194;$ 2.930,70
28/09/2017;1363;$ 2.940,66
29/09/2017;1600;$ 2.941,07
30/09/2017;907;$ 2.936,67
01/10/2017;0;$ 2.936,67
02/10/2017;405;$ 2.936,67
03/10/2017;517;$ 2.949,33
04/10/2017;735;$ 2.953,81
05/10/2017;758;$ 2.945,59
06/10/2017;843;$ 2.926,82
07/10/2017;191;$ 2.942,19
08/10/2017;7;$ 2.942,19
09/10/2017;592;$ 2.942,19
10/10/2017;772;$ 2.942,19
11/10/2017;908;$ 2.947,06
12/10/2017;860;$ 2.953,77
13/10/2017;939;$ 2.949,69
14/10/2017;165;$ 2.932,05
15/10/2017;0;$ 2.932,05
16/10/2017;0;$ 2.932,05
17/10/2017;565;$ 2.932,05
18/10/2017;792;$ 2.944,27
19/10/2017;762;$ 2.935,66
20/10/2017;866;$ 2.921,92
21/10/2017;230;$ 2.936,66
22/10/2017;0;$ 2.936,66
23/10/2017;630;$ 2.936,66
24/10/2017;840;$ 2.947,69
25/10/2017;953;$ 2.971,36
26/10/2017;1045;$ 2.989,39
27/10/2017;1112;$ 3.008,80
28/10/2017;349;$ 3.009,85
29/10/2017;2;$ 3.009,85
30/10/2017;1248;$ 3.009,85
31/10/2017;2729;$ 3.011,44
01/11/2017;541;$ 3.039,19
02/11/2017;712;$ 3.038,56
03/11/2017;844;$ 3.054,38
04/11/2017;217;$ 3.055,57
05/11/2017;0;$ 3.055,57
06/11/2017;0;$ 3.055,57
07/11/2017;620;$ 3.055,57
08/11/2017;849;$ 3.026,94
09/11/2017;894;$ 3.017,78
10/11/2017;906;$ 3.015,52
11/11/2017;226;$ 3.004,88
12/11/2017;0;$ 3.004,88
13/11/2017;0;$ 3.004,88
14/11/2017;538;$ 3.004,88
15/11/2017;785;$ 3.016,70
16/11/2017;860;$ 3.023,88
17/11/2017;914;$ 3.015,79
18/11/2017;238;$ 3.003,19
19/11/2017;4;$ 3.003,19
20/11/2017;550;$ 3.003,19
21/11/2017;852;$ 3.011,32
22/11/2017;932;$ 3.001,07
23/11/2017;1172;$ 2.982,73
24/11/2017;1248;$ 2.982,73
25/11/2017;404;$ 2.976,39
26/11/2017;3;$ 2.976,39
27/11/2017;943;$ 2.976,39
28/11/2017;1319;$ 2.986,84
29/11/2017;1726;$ 3.003,94
30/11/2017;2977;$ 3.006,09
01/12/2017;649;$ 3.006,04
02/12/2017;178;$ 3.005,76
03/12/2017;1;$ 3.005,76
04/12/2017;550;$ 3.005,76
05/12/2017;779;$ 2.993,49
06/12/2017;1001;$ 2.996,53
07/12/2017;1044;$ 3.007,07
08/12/2017;1;$ 3.016,18
09/12/2017;148;$ 3.016,18
10/12/2017;0;$ 3.016,18
11/12/2017;784;$ 3.016,18
12/12/2017;1084;$ 3.013,99
13/12/2017;1182;$ 3.029,75
14/12/2017;1171;$ 3.015,41
15/12/2017;1173;$ 2.999,07
16/12/2017;262;$ 2.996,61
17/12/2017;0;$ 2.996,61
18/12/2017;959;$ 2.996,61
19/12/2017;1364;$ 2.975,59
20/12/2017;1577;$ 2.972,05
21/12/2017;1602;$ 2.965,77
22/12/2017;1645;$ 2.963,58
23/12/2017;496;$ 2.962,14
24/12/2017;0;$ 2.962,14
25/12/2017;0;$ 2.962,14
26/12/2017;1251;$ 2.962,14
27/12/2017;2102;$ 2.962,26
28/12/2017;3449;$ 2.971,63
29/12/2017;1084;$ 2.984,00
30/12/2017;18;$ 2.984,00
31/12/2017;0;$ 2.984,00
